XLV,LLY
XLV,UNH
XLV,JNJ
XLV,ABBV
XLV,MRK
XLV,TMO
XLV,ABT
XLV,DHR
XLV,ISRG
XLV,AMGN
VHT,LLY
VHT,UNH
VHT,ABBV
VHT,JNJ
VHT,MRK
VHT,TMO
VHT,ABT
VHT,DHR
VHT,ISRG
VHT,AMGN
XBI,UTHR
XBI,INCY
XBI,EXAS
XBI,ALNY
XBI,ABBV
XBI,GILD
XBI,NTRA
XBI,SRPT
XBI,BIIB
XBI,MRNA
IBB,GILD
IBB,AMGN
IBB,VRTX
IBB,REGN
IBB,IQV
IBB,ALNY
IBB,MTD
IBB,BIIB
IBB,ARGX
IBB,BNTX
IHI,ABT
IHI,ISRG
IHI,SYK
IHI,GEHC
IHI,BDX
IHI,IDXX
IHI,BSX
IHI,MDT
IHI,EW
IHI,RMD
IXJ,LLY
IXJ,UNH
IXJ,NOVO-B.CO
IXJ,JNJ
IXJ,ABBV
IXJ,MRK
IXJ,AZN.L
IXJ,TMO
IXJ,NOVN.SW
IXJ,ROG.SW
FHLC,LLY
FHLC,UNH
FHLC,JNJ
FHLC,ABBV
FHLC,MRK
FHLC,TMO
FHLC,ABT
FHLC,DHR
FHLC,AMGN
FHLC,ISRG
ARKG,TWST
ARKG,CDNA
ARKG,RXRX
ARKG,CRSP
ARKG,NTLA
ARKG,ADPT
ARKG,VCYT
ARKG,TXG
ARKG,IONS
ARKG,NRIX
BBH,AMGN
BBH,VRTX
BBH,GILD
BBH,REGN
BBH,IQV
BBH,ARGX
BBH,ICLR
BBH,BIIB
BBH,MRNA
BBH,ILMN